institution,department,country,email
# Real, publicly-listed department / association contact mailboxes (gathered from
# official department contact pages). Lines starting with # are ignored.
# Add or remove rows as you like. Use only addresses you are permitted to email.
University of Chicago,Classics,US,classics-department@uchicago.edu
University of Washington,Classics,US,clasdept@uw.edu
Harvard University,Classics,US,classics@fas.harvard.edu
University of Michigan,Classical Studies,US,classics@umich.edu
Yale University,Classics,US,dus.classics@yale.edu
Boston University,Classics,US,classics@bu.edu
Brown University,Classics,US,classics_department@brown.edu
University of Notre Dame,Classics,US,classics@nd.edu
Tulane University,Classical Studies,US,classics@tulane.edu
Amherst College,Classics,US,classics@amherst.edu
University of Kansas,Classics,US,classics@ku.edu
Loyola University Chicago,Modern Languages,US,modernlang@luc.edu
University of Louisiana at Lafayette,Modern Languages,US,languages@louisiana.edu
University of Oxford,Classics,UK,reception@classics.ox.ac.uk
University of Cambridge,Classics,UK,receptionist@classics.cam.ac.uk
University of Toronto,Classics,CA,classics.dept@utoronto.ca
Society for Classical Studies,Association,US,info@classicalstudies.org
Harvard University,Government (Prof. Harvey Mansfield),US,hmansfield@gov.harvard.edu
Roger Scruton Legacy Foundation,Institute,UK,info@scruton.org
Stanford University,Library,US,library-reference@stanford.edu
University of Toronto,Library,CA,help.desk@utoronto.ca
Amherst College,Library,US,library@amherst.edu
Boston University,Library,US,ask@bu.edu
Syracuse University,Library,US,libref@syr.edu
Yale University,Library,US,askyalelibrary@yale.edu
Pennsylvania State University,Library,US,askalibrarian@psu.edu
University College Dublin,Library,IE,libraryinfo@ucd.ie
University of Glasgow,Library,UK,library@glasgow.ac.uk
University of Lincoln,Library,UK,library@lincoln.ac.uk

# --- Top US private high schools (general/admissions offices, gathered 2026-06-12 from official sites) ---
Groton School,,US,admission@groton.org
Phillips Academy Andover,,US,admissions@andover.edu
Phillips Exeter Academy,,US,admit@exeter.edu
Choate Rosemary Hall,,US,admission@choate.edu
Commonwealth School,,US,admissions@commschool.org
The Hotchkiss School,,US,admission@hotchkiss.org
The College Preparatory School,,US,admissions@college-prep.org
Riverdale Country School,,US,admission@riverdale.edu
St Paul's School,,US,admissions@sps.edu
Stanford Online High School,,US,ohsadmissions@stanford.edu
Harvard-Westlake School,,US,admission@hw.com
The Pingry School,,US,6-12admissions@pingry.org
The Brearley School,,US,admission@brearley.org
The Nueva School,,US,admissions@nuevaschool.org
The Lawrenceville School,,US,admission@lawrenceville.org
Regis High School,,US,admissions@regis.org
The Chapin School,,US,admissions@chapin.edu
Dwight Global Online School,,US,admissions@dwight.global
The Bishop's School,,US,admissions@bishops.com
Flintridge Preparatory School,,US,admissions@flintridgeprep.org
Elite Preparatory Academy,,US,contact@eliteprepacademy.org
Noble and Greenough School,,US,admission@nobles.edu
Rye Country Day School,,US,admissions@ryecountryday.org
The Loomis Chaffee School,,US,admission@loomis.org
Windward School,,US,admissions@windwardschool.org
Horace Mann School,,US,admissions@horacemann.org
Trinity School,,US,5-12admissions@trinityschoolnyc.org
Princeton International School of Math and Science,,US,admissions@prismsus.org
Sage Hill School,,US,admission@sagehillschool.org
Sidwell Friends School,,US,admissions@sidwell.edu
American Heritage Schools,,US,admissions.broward@ahschool.com
Lake Forest Academy,,US,admissions@lfanet.org
The Dalton School,,US,admissionsmshs@dalton.org
The Spence School,,US,admissions@spenceschool.org
The Quarry Lane School,,US,admissions@quarrylane.org
Crystal Springs Uplands School,,US,admission@crystal.org
Deerfield Academy,,US,admission@deerfield.edu
Ethical Culture Fieldston School,,US,admissions-fieldston@ecfs.org
St Andrew's School,,US,admissions@standrews-de.org
Cate School,,US,admission@cate.org
BASIS Independent McLean,,US,mclean-admissions@basisindependent.com
Middlesex School,,US,admissions@mxschool.edu
Avenues The World School,,US,admissions@avenues-ny.org
The Thacher School,,US,admission@thacher.org
Boston University Academy,,US,academyadmission@bu.edu
The Village School,,US,admissions@thevillageschool.com
The Madeira School,,US,admissions@madeira.org
St Mark's School,,US,admission@stmarksschool.org
BASIS Independent Brooklyn,,US,brooklyn-isp@basisindependent.com
Ransom Everglades School,,US,admission@ransomeverglades.org
Newark Academy,,US,destinationna@newarka.edu
Milton Academy,,US,admission@milton.edu
Convent of the Sacred Heart,,US,admissions@cshnyc.org
The Taft School,,US,admissions@taftschool.org
Hopkins School,,US,admission@hopkins.edu
The Overlake School,,US,admissions@overlake.org
Cranbrook Schools,,US,admission@cranbrook.edu
Lycee Francais de New York,,US,admissions@lfny.org
Head-Royce School,,US,admissions@headroyce.org
The John Cooper School,,US,admission@johncooper.org
Marlborough School,,US,admissions@marlborough.org
Berkeley Preparatory School,,US,admissions@berkeleyprep.org
Castilleja School,,US,admission@castilleja.org
Collegiate School,,US,admissions@collegiateschool.org
The Awty International School,,US,admissions@awty.org
Delbarton School,,US,admissions@delbarton.org
Greenhills School,,US,info@greenhillsschool.org
The Hockaday School,,US,admission@hockaday.org
Fulton Science Academy,,US,admissions@fultonscienceacademy.org
Crossroads School for Arts and Sciences,,US,communications@xrds.org
United World College-USA,,US,info@uwc-usa.org
Friends Academy,,US,admissions@fa.org
Cary Academy,,US,admissions@caryacademy.org
Episcopal High School,,US,admissions@episcopalhighschool.org
Polytechnic School,,US,admission@polytechnic.org
San Francisco University High School,,US,admission@sfuhs.org
St Stephen's Episcopal School,,US,admission@sstx.org
French-American School of New York,,US,admissions@fasny.org
Blair Academy,,US,admission@blair.edu
Belmont Hill School,,US,admission@belmonthill.org
Catlin Gabel School,,US,info@catlin.edu
Eastside Preparatory School,,US,admissions@eastsideprep.org
Indian Springs School,,US,admission@indiansprings.org
Mercersburg Academy,,US,admission@mercersburg.edu
Greenhill School,,US,admission@greenhill.org
Sierra Canyon School,,US,usadmission@sierracanyonschool.org
Maharishi School,,US,admissions@maharishischool.org
The Potomac School,,US,potomac@potomacschool.org
Holton-Arms School,,US,admissions@holton-arms.edu
The Branson School,,US,admission@branson.org
Pierrepont School,,US,admissions@pierrepontschool.org
Menlo School,,US,info@menloschool.org
Marymount School of New York,,US,admissions@marymountnyc.org
The Bryn Mawr School,,US,admissions@brynmawrschool.org
